Iteration, 1st cluster Mass, 2nd cluster Mass, 1st cluster %Mass, 2nd cluster %Mass, RMW, filename
1,490.64839,490.64839,6.110060613,6.110060613,313.3778641, EPON_862_pxld_10_typed.data
2,668.92793,490.64842,8.330181491,6.110060896,331.7800869, EPON_862_pxld_20_typed.data
3,1159.57635,490.64839,14.44024217,6.110060431,369.067299, EPON_862_pxld_30_typed.data
4,1293.66569,1159.57635,16.11006086,14.44024196,552.0944745, EPON_862_pxld_40_typed.data
5,1471.94523,1293.66575,18.33018149,16.11006137,678.8790026, EPON_862_pxld_50_typed.data
6,1471.94526,1293.66575,18.33018159,16.11006113,802.1138035, EPON_862_pxld_60_typed.data
7,2587.3315,1293.66575,32.22012177,16.11006089,886.4047275, EPON_862_pxld_70_typed.data
