Iteration, 1st cluster Mass, 2nd cluster Mass, 1st cluster %Mass, 2nd cluster %Mass, RMW, filename
1, 490.6483899999998, 490.6483899999998, 6.110060613370006, 6.110060613370006, 313.3778640917764, EPON_862_pxld_10_typed.data
2, 668.9279300000003, 490.64841999999976, 8.330181491472205, 6.110060895654449, 331.78008686439574, EPON_862_pxld_20_typed.data
3, 1159.5763499999996, 490.6483899999998, 14.440242171336878, 6.110060430756925, 369.0672989640405, EPON_862_pxld_30_typed.data
4, 1293.6656899999994, 1159.5763499999996, 16.11006086247775, 14.440241955547112, 552.0944745492761, EPON_862_pxld_40_typed.data
5, 1471.945229999998, 1293.6657499999994, 18.330181491613487, 16.110061368916764, 678.8790026169667, EPON_862_pxld_50_typed.data
6, 1471.9452599999981, 1293.6657499999994, 18.330181591284845, 16.11006112817383, 802.1138034859248, EPON_862_pxld_60_typed.data
7, 2587.3314999999943, 1293.6657499999994, 32.22012177486177, 16.11006088743091, 886.4047274779098, EPON_862_pxld_70_typed.data
